Country Name,Country Code,Indicator Name,Indicator Code,1960,1961,1962,1963,1964,1965,1966,1967,1968,1969,1970,1971,1972,1973,1974,1975,1976,1977,1978,1979,1980,1981,1982,1983,1984,1985,1986,1987,1988,1989,1990,1991,1992,1993,1994,1995,1996,1997,1998,1999,2000,2001,2002,2003,2004,2005,2006,2007,2008,2009,2010,2011,2012,2013,2014,2015,2016,2017,2018,2019,2020,2021
Aruba,ABW,Fixed broadband subscriptions,IT.NET.BBND,,,,,,,,,,,,,,,,,,,,,,,,,,,,,,,,,,,,,,,,,,,,1399,6963,12274,13953,15996,18396,18800,19217,,,19200,19200,19000,,,,19000,19000,
Africa Eastern and Southern,AFE,Fixed broadband subscriptions,IT.NET.BBND,,,,,,,,,,,,,,,,,,,,,,,,,,,,,,,,,,,,,,,,,,,,,,195606,417125,530556,609715,700598,1002607,1336066,1694910,2572220,3123787,3086933,3129499,3187389,3286161,4119216,4929182,
Afghanistan,AFG,Fixed broadband subscriptions,IT.NET.BBND,,,,,,,,,,,,,,,,,,,,,,,,,,,,,,,,,,,,,,,,,,,,,200,220,500,500,500,1000,1500,,1500,1500,1500,7067,8801,9182,15999,19683,26570,
Africa Western and Central,AFW,Fixed broadband subscriptions,IT.NET.BBND,,,,,,,,,,,,,,,,,,,,,,,,,,,,,,,,,,,,,,,,,,,,,,25547,,141153,191510,246893,342842,,400964,399466,489777,565867,971317,980402,1084105,1209936,1743931,
Angola,AGO,Fixed broadband subscriptions,IT.NET.BBND,,,,,,,,,,,,,,,,,,,,,,,,,,,,,,,,,,,,,,,,,,,,,,,7458,11700,15942,15000,15000,15817,20512,22282,87750,153571,84724,96919,109561,119068,230610,
Albania,ALB,Fixed broadband subscriptions,IT.NET.BBND,,,,,,,,,,,,,,,,,,,,,,,,,,,,,,,,,,,,,,,,,,,,,,272,272,10000,64000,92000,105539,128210,160088,182556,207964,242870,266379,303612,361947,436192,508937,
Andorra,AND,Fixed broadband subscriptions,IT.NET.BBND,,,,,,,,,,,,,,,,,,,,,,,,,,,,,,,,,,,,,,,,,,,1148,3601,6282,10341,14616,18526,20672,22941,24502,25763,26905,27734,28770,30694,32490,34284,35663,36358,37000,
Arab World,ARB,Fixed broadband subscriptions,IT.NET.BBND,,,,,,,,,,,,,,,,,,,,,,,,,,,,,,,,,,,,,,,,,,,,,365937,861800,1545499,2811961,4235468,5845325,7123797,8570787,10323586,8880291,10801834,18081304,20019879,28218281,30067212,33114238,38898085,
United Arab Emirates,ARE,Fixed broadband subscriptions,IT.NET.BBND,,,,,,,,,,,,,,,,,,,,,,,,,,,,,,,,,,,,,,,,367,1973,8374,16632,30327,56146,129320,240620,379800,557577,690424,786818,866968,954988,1041934,1091763,1234447,1297585,2761830,3024565,3045957,3245123,
Argentina,ARG,Fixed broadband subscriptions,IT.NET.BBND,,,,,,,,,,,,,,,,,,,,,,,,,,,,,,,,,,,,,,,,,,94000,148000,258849,542879,926722,1583713,2600000,3114741,3511026,4028238,4572023,5148583,6251020,6519458,6855837,7251673,7842778,8473655,8793181,9571562,
Armenia,ARM,Fixed broadband subscriptions,IT.NET.BBND,,,,,,,,,,,,,,,,,,,,,,,,,,,,,,,,,,,,,,,,,,6,8,10,1000,1990,,3900,13799,39888,93586,160573,212053,243058,272885,286319,299170,315319,347448,385704,430407,
American Samoa,ASM,Fixed broadband subscriptions,IT.NET.BBND,,,,,,,,,,,,,,,,,,,,,,,,,,,,,,,,,,,,,,,,,,,,,,,,,,,,,,,,,,,,,,
Antigua and Barbuda,ATG,Fixed broadband subscriptions,IT.NET.BBND,,,,,,,,,,,,,,,,,,,,,,,,,,,,,,,,,,,,,,,,,,,,,1662,5801,1541,2266,4986,16014,7119,6000,13070,15647,10754,10000,9261,9000,,8000,8000,
Australia,AUS,Fixed broadband subscriptions,IT.NET.BBND,,,,,,,,,,,,,,,,,,,,,,,,,,,,,,,,,,,,,,,,,,122800,258100,516800,1012000,2016000,3900000,3900000,5315000,5221000,5510000,5552000,5735000,5981000,6536000,6828000,7374000,7922000,8427316,8802600,9099619,
Austria,AUT,Fixed broadband subscriptions,IT.NET.BBND,,,,,,,,,,,,,,,,,,,,,,,,,,,,,,,,,,,,,,,,50900,190500,320600,451000,601000,870000,1174000,1432000,1622000,1729000,1878524,2050400,2097700,2130200,2232500,2359000,2455500,2523300,2511400,2521200,2518900,2606000,
Azerbaijan,AZE,Fixed broadband subscriptions,IT.NET.BBND,,,,,,,,,,,,,,,,,,,,,,,,,,,,,,,,,,,,,,,,,,,1000,,,2184,3955,14600,60000,100000,475295,973869,1369594,1712177,1898070,1899456,1803662,1805214,1890913,1943013,1995474,
Burundi,BDI,Fixed broadband subscriptions,IT.NET.BBND,,,,,,,,,,,,,,,,,,,,,,,,,,,,,,,,,,,,,,,,,,,,,,,,,160,160,352,497,702,1534,1700,2771,3245,3914,3935,3891,4230,
Belgium,BEL,Fixed broadband subscriptions,IT.NET.BBND,,,,,,,,,,,,,,,,,,,,,,,,,,,,,,,,,,,,,,,10924,23000,144215,460011,815418,1242928,1619944,2010584,2451585,2729624,2982500,3153262,3373143,3543759,3692009,3828918,4011201,4121049,4270309,4378973,4502950,4590707,4734210,
Benin,BEN,Fixed broadband subscriptions,IT.NET.BBND,,,,,,,,,,,,,,,,,,,,,,,,,,,,,,,,,,,,,,,,,,,21,21,81,196,1498,710,8424,19061,27034,37535,41761,42477,45419,73263,22298,28615,27034,25435,29981,
Burkina Faso,BFA,Fixed broadband subscriptions,IT.NET.BBND,,,,,,,,,,,,,,,,,,,,,,,,,,,,,,,,,,,,,,,,,,,50,145,154,384,1715,6732,10266,11947,13705,14063,14328,12962,5408,9354,12384,12361,13818,12015,13979,
Bangladesh,BGD,Fixed broadband subscriptions,IT.NET.BBND,,,,,,,,,,,,,,,,,,,,,,,,,,,,,,,,,,,,,,,,,,,,,,,,43710,50000,316699,414569,468500,600461,1525325,3093171,4892940,6592396,7300500,8052889,8085500,10052819,
Bulgaria,BGR,Fixed broadband subscriptions,IT.NET.BBND,,,,,,,,,,,,,,,,,,,,,,,,,,,,,,,,,,,,,,,,,,,,,6651,165469,384672,629076,843552,998035,1124723,1256796,1331746,1421552,1480889,1614541,1697590,1796682,1903946,2014772,2115053,
Bahrain,BHR,Fixed broadband subscriptions,IT.NET.BBND,,,,,,,,,,,,,,,,,,,,,,,,,,,,,,,,,,,,,,,,,,1176,4980,9737,14956,21432,38628,68253,93618,139513,154912,291521,295387,300056,287572,253041,232385,194163,126316,140992,148928,
"Bahamas, The",BHS,Fixed broadband subscriptions,IT.NET.BBND,,,,,,,,,,,,,,,,,,,,,,,,,,,,,,,,,,,,,,,,,,4139,7540,10941,12803,13382,16591,20500,25500,31589,24702,15496,77930,72490,77168,81018,85128,86868,81208,82295,83000,
Bosnia and Herzegovina,BIH,Fixed broadband subscriptions,IT.NET.BBND,,,,,,,,,,,,,,,,,,,,,,,,,,,,,,,,,,,,,,,,,27,68,213,1500,6637,13702,40000,84691,188460,292113,390902,430247,469397,516104,542405,634987,662468,700347,716366,745887,770424,
Belarus,BLR,Fixed broadband subscriptions,IT.NET.BBND,,,,,,,,,,,,,,,,,,,,,,,,,,,,,,,,,,,,,,,,,,,20,123,750,1564,11419,169806,477980,1092290,1666631,2098068,2531842,2785842,2684347,2903497,3067529,3163286,3201519,3214869,3255552,
Belize,BLZ,Fixed broadband subscriptions,IT.NET.BBND,,,,,,,,,,,,,,,,,,,,,,,,,,,,,,,,,,,,,,,,,,,,940,2827,5022,7245,7480,8047,8340,8915,9698,9973,9900,9900,17379,18374,19006,24658,29600,36000,
Bermuda,BMU,Fixed broadband subscriptions,IT.NET.BBND,,,,,,,,,,,,,,,,,,,,,,,,,,,,,,,,,,,,,,,,,,,,,,18487,23643,28799,33955,40000,40100,,,40100,34731,30000,22797,22808,,23000,23000,
Bolivia,BOL,Fixed broadband subscriptions,IT.NET.BBND,,,,,,,,,,,,,,,,,,,,,,,,,,,,,,,,,,,,,,,,,,,3330,5740,8723,12973,17589,33977,79314,96134,95948,73542,116708,154098,172783,180951,287589,379996,504097,746872,931918,
Brazil,BRA,Fixed broadband subscriptions,IT.NET.BBND,,,,,,,,,,,,,,,,,,,,,,,,,,,,,,,,,,,,,,,1000,7000,100000,331000,731000,966252,3157466,3233800,4767007,7609452,10016914,11729995,14100890,17833051,19119646,21360635,23968352,25482478,26860779,28907867,31233004,32906998,36344670,
Barbados,BRB,Fixed broadband subscriptions,IT.NET.BBND,,,,,,,,,,,,,,,,,,,,,,,,,,,,,,,,,,,,,,,,,,,,27319,29630,31942,38800,47133,49216,57305,56190,62634,66884,67798,77730,78269,86887,89340,89340,106803,128000,
Brunei Darussalam,BRN,Fixed broadband subscriptions,IT.NET.BBND,,,,,,,,,,,,,,,,,,,,,,,,,,,,,,,,,,,,,,,,,,1896,2757,3838,6262,8126,8964,11617,16891,20029,21699,23185,19849,27557,30259,34425,36120,41072,49452,54195,71078,
Bhutan,BTN,Fixed broadband subscriptions,IT.NET.BBND,,,,,,,,,,,,,,,,,,,,,,,,,,,,,,,,,,,,,,,,,,,,,,,,,2060,3378,8675,13233,16766,20481,24979,27874,16489,16707,10802,8774,3189,
Botswana,BWA,Fixed broadband subscriptions,IT.NET.BBND,,,,,,,,,,,,,,,,,,,,,,,,,,,,,,,,,,,,,,,,,,,,,,1600,1800,3540,8900,10000,11978,19125,22236,21590,33290,36845,59057,32434,40044,49295,259525,
Central African Republic,CAF,Fixed broadband subscriptions,IT.NET.BBND,,,,,,,,,,,,,,,,,,,,,,,,,,,,,,,,,,,,,,,,,,,,,,,,,,,,810,605,,,1858,736,619,608,499,,
Canada,CAN,Fixed broadband subscriptions,IT.NET.BBND,,,,,,,,,,,,,,,,,,,,,,,,,,,,,,,,,,,,,,,140000,582000,1410932,2836000,3515000,4513000,5416000,7004000,8044000,9075322,9842303,10290000,10817103,11282579,11689914,12094461,12568000,13115376,13386496,13923805,14445606,15142175,15825813,
Central Europe and the Baltics,CEB,Fixed broadband subscriptions,IT.NET.BBND,,,,,,,,,,,,,,,,,,,,,,,,,,,,,,,,,,,,,,,,,,84220,401560,951335,2170796,3816909,8258932,12147445,14208640,16763026,18051843,20208640,20882334,21977753,22715875,23363768,24120554,25143985,26151815,27163118,28366918,
Switzerland,CHE,Fixed broadband subscriptions,IT.NET.BBND,,,,,,,,,,,,,,,,,,,,,,,,,,,,,,,,,,,,,,,,,56416,140000,455220,783874,1227397,1669217,2050184,2380588,2556297,2741199,2913517,3078338,3212371,3438094,3535986,3700563,3775916,3916720,3883878,4022520,4028238,
Channel Islands,CHI,Fixed broadband subscriptions,IT.NET.BBND,,,,,,,,,,,,,,,,,,,,,,,,,,,,,,,,,,,,,,,,,,,,,,,,,,,,,,,,,,,,,,
Chile,CHL,Fixed broadband subscriptions,IT.NET.BBND,,,,,,,,,,,,,,,,,,,,,,,,,,,,,,,,,,,,,,,,,7680,66723,188454,352234,478883,708564,1011646,1302310,1427178,1654676,1789355,2011244,2166330,2295169,2489717,2719439,2904580,3062392,3250888,3429668,3763826,
China,CHN,Fixed broadband subscriptions,IT.NET.BBND,,,,,,,,,,,,,,,,,,,,,,,,,,,,,,,,,,,,,,,,,22660,336280,3298490,11219010,24939630,37350000,50853000,66414000,82879000,103978000,126337000,156487000,175183000,188909000,200483000,277046000,322597000,394190000,407382000,449279000,483549500,
Cote d'Ivoire,CIV,Fixed broadband subscriptions,IT.NET.BBND,,,,,,,,,,,,,,,,,,,,,,,,,,,,,,,,,,,,,,,,,,,,413,826,1239,10000,10000,10000,10000,,,46167,56281,126857,109707,136380,142825,175918,216723,260097,
Cameroon,CMR,Fixed broadband subscriptions,IT.NET.BBND,,,,,,,,,,,,,,,,,,,,,,,,,,,,,,,,,,,,,,,,,,,,,,202,421,640,860,900,5954,10713,13846,16900,16831,20447,364781,382358,395813,400929,722579,
"Congo, Dem. Rep.",COD,Fixed broadband subscriptions,IT.NET.BBND,,,,,,,,,,,,,,,,,,,,,,,,,,,,,,,,,,,,,,,,,,,,,,,,,,,0,0,,450,500,1000,1000,1000,4620,11900,31000,
"Congo, Rep.",COG,Fixed broadband subscriptions,IT.NET.BBND,,,,,,,,,,,,,,,,,,,,,,,,,,,,,,,,,,,,,,,,,,,,,,,,,,125,250,1311,1392,438,500,,,,,,1000,
Colombia,COL,Fixed broadband subscriptions,IT.NET.BBND,,,,,,,,,,,,,,,,,,,,,,,,,,,,,,,,,,,,,,,,,8872,13830,34888,64436,127113,318683,628077,1207090,1772088,2114782,2643033,3348142,3938657,4537621,5028595,5525763,5912968,6331032,6678543,6949852,7764772,
Comoros,COM,Fixed broadband subscriptions,IT.NET.BBND,,,,,,,,,,,,,,,,,,,,,,,,,,,,,,,,,,,,,,,,,,,,,1,4,,82,110,66,329,400,1233,1300,1583,1600,1634,1644,1531,1255,1066,
Cabo Verde,CPV,Fixed broadband subscriptions,IT.NET.BBND,,,,,,,,,,,,,,,,,,,,,,,,,,,,,,,,,,,,,,,,,,,,,283,937,1814,3833,7380,10972,16071,21332,19853,21202,19076,16568,15541,14993,15657,20252,24839,
Costa Rica,CRI,Fixed broadband subscriptions,IT.NET.BBND,,,,,,,,,,,,,,,,,,,,,,,,,,,,,,,,,,,,,,,,,,,8989,14878,27931,44914,83327,95000,109939,182654,396262,419782,448594,484883,516337,558656,639087,744041,834784,904734,992725,
Caribbean small states,CSS,Fixed broadband subscriptions,IT.NET.BBND,,,,,,,,,,,,,,,,,,,,,,,,,,,,,,,,,,,,,,,,,,,21197,56497,91957,138826,187127,253455,333308,434162,473138,498285,627251,674419,753368,897134,971854,1024247,1007098,1152226,1340377,
Cuba,CUB,Fixed broadband subscriptions,IT.NET.BBND,,,,,,,,,,,,,,,,,,,,,,,,,,,,,,,,,,,,,,,,,,,,,,,,1946,2246,2883,3706,4421,5013,5360,7793,8157,14428,33536,98838,182732,231654,
Curacao,CUW,Fixed broadband subscriptions,IT.NET.BBND,,,,,,,,,,,,,,,,,,,,,,,,,,,,,,,,,,,,,,,,,,,,,,,,,,,,31800,35582,37000,38663,40000,42713,49348,51836,53297,55000,
Cayman Islands,CYM,Fixed broadband subscriptions,IT.NET.BBND,,,,,,,,,,,,,,,,,,,,,,,,,,,,,,,,,,,,,,,,,,,,,,,,,17530,18295,18852,18816,19325,20335,23469,27383,24535,31232,,51000,32000,
Cyprus,CYP,Fixed broadband subscriptions,IT.NET.BBND,,,,,,,,,,,,,,,,,,,,,,,,,,,,,,,,,,,,,,,,,,2500,5879,10033,17070,31900,63084,97613,147276,176024,194455,212149,220580,229195,243611,260640,278483,295686,313462,326565,332080,
Czech Republic,CZE,Fixed broadband subscriptions,IT.NET.BBND,,,,,,,,,,,,,,,,,,,,,,,,,,,,,,,,,,,,,,,,,2500,6200,15300,34690,235996,709063,1112500,1496720,1759586,2036110,2261179,2509100,2656980,2856168,2994818,2946626,3069970,3146091,3222835,3739614,3845426,
Germany,DEU,Fixed broadband subscriptions,IT.NET.BBND,,,,,,,,,,,,,,,,,,,,,,,,,,,,,,,,,,,,,,,,,265000,2100000,3205000,4470000,7000000,10786800,14977200,19751400,22710136,24964600,26161950,27257096,27956700,28641961,29572818,30707429,31861900,33232299,34152033,35191417,36215303,
Djibouti,DJI,Fixed broadband subscriptions,IT.NET.BBND,,,,,,,,,,,,,,,,,,,,,,,,,,,,,,,,,,,,,,,,,4,5,6,,,42,152,1092,2451,5285,8058,11302,14907,17705,20102,24165,24275,24389,25508,24416,25053,
Dominica,DMA,Fixed broadband subscriptions,IT.NET.BBND,,,,,,,,,,,,,,,,,,,,,,,,,,,,,,,,,,,,,,,,,80,175,2238,2651,3253,3400,4300,5000,7000,7300,8311,8307,8500,10667,10785,15159,15487,15423,11514,15205,16000,
Denmark,DNK,Fixed broadband subscriptions,IT.NET.BBND,,,,,,,,,,,,,,,,,,,,,,,,,,,,,,,,,,,,,,,,,67000,238000,451297,718299,1017594,1343855,1735317,1903541,2005681,2022709,2112406,2143247,2179545,2272401,2341759,2404962,2461403,2511871,2535904,2536508,2590282,
Dominican Republic,DOM,Fixed broadband subscriptions,IT.NET.BBND,,,,,,,,,,,,,,,,,,,,,,,,,,,,,,,,,,,,,,,,,,,,15000,37257,60674,102880,173752,239118,315593,390505,423919,483625,526705,599996,686107,761255,820578,860626,929883,1031858,
Algeria,DZA,Fixed broadband subscriptions,IT.NET.BBND,,,,,,,,,,,,,,,,,,,,,,,,,,,,,,,,,,,,,,,,,,,,18000,36000,135000,170000,287039,485000,818000,900000,980752,1154748,1280000,1599692,2269348,2859567,3210267,3067022,3582739,3790459,
East Asia & Pacific (excluding high income),EAP,Fixed broadband subscriptions,IT.NET.BBND,,,,,,,,,,,,,,,,,,,,,,,,,,,,,,,,,,,,,,,,,26660,366942,3378319,11467799,25585996,38842035,53495465,71349600,90439075,115076496,137814038,171435966,192705835,208232739,221606908,301263530,350329750,426570446,445595759,494484952,536164158,
Early-demographic dividend,EAR,Fixed broadband subscriptions,IT.NET.BBND,,,,,,,,,,,,,,,,,,,,,,,,,,,,,,,,,,,,,,,,,,340814,1030975,2238814,4409981,8782017,14287438,22273662,31973945,42026576,49053814,59492712,69299247,74247258,81911252,98181235,110446409,118900028,129965116,140429649,162712178,
East Asia & Pacific,EAS,Fixed broadband subscriptions,IT.NET.BBND,,,,,,,,,,,,,,,,,,,,,,,,,,,,,,,,,,,,,,,,,5502154,14174055,26912269,42925828,64143608,83423794,105572186,126899476,150486995,179028520,204757978,241184447,264487108,282207313,296268458,378241434,429768972,507935922,528688461,579908199,624203007,
Europe & Central Asia (excluding high income),ECA,Fixed broadband subscriptions,IT.NET.BBND,,,,,,,,,,,,,,,,,,,,,,,,,,,,,,,,,,,,,,,,,,,34820,549868,1281716,3573880,6882908,12205770,19616081,25780972,32263263,36752152,42776837,48499639,50755658,56222929,59477602,65892658,69752284,73871672,79300219,
Europe & Central Asia,ECS,Fixed broadband subscriptions,IT.NET.BBND,,,,,,,,,,,,,,,,,,,,,,,,,,,,,,,,,,,,,,,,,,,13727835,24979185.33,43256734,66095135,91501481,116707962,136931466,153568081,168621886,181138326,192487473,204571387,212703007,224231358,233418314,246113221,254895460,263528614,274724327,
Ecuador,ECU,Fixed broadband subscriptions,IT.NET.BBND,,,,,,,,,,,,,,,,,,,,,,,,,,,,,,,,,,,,,,,,,,2623,6499,6916,11620,26786,46000,100000,155998,241233,221320,658923,843704,1058453,1319627,1487592,1609586,1778607,1953607,2092458,2371297,
"Egypt, Arab Rep.",EGY,Fixed broadband subscriptions,IT.NET.BBND,,,,,,,,,,,,,,,,,,,,,,,,,,,,,,,,,,,,,,,,,,,50937,54850,79217,140999,258526,477432,769744,1077489,1451628,1845249,2288773,2676263,3067878,3826410,4469164,5233872,6624421,7598941,9349469,
Euro area,EMU,Fixed broadband subscriptions,IT.NET.BBND,,,,,,,,,,,,,,,,,,,,,,,,,,,,,,,,,,,,,,,,,1309768,5079735,10106274,17593841,29826736,43227698,57427664,70822337,79836065,87304962,93258871,97708292,101216075,104961909,109188451,113432797,117667149,122061035,125537221,128653464,132641924,
Eritrea,ERI,Fixed broadband subscriptions,IT.NET.BBND,,,,,,,,,,,,,,,,,,,,,,,,,,,,,,,,,,,,,,,,,,,,,,,,,44,70,118,141,185,146,200,500,600,1000,,3000,5000,
Spain,ESP,Fixed broadband subscriptions,IT.NET.BBND,,,,,,,,,,,,,,,,,,,,,,,,,,,,,,,,,,,,,,,,,76358,466600,1247496,2121930,3401411,5035203,6739110,8055780,9135959,9800597,10652372,11167809,11524543,12252061,13004969,13542906,14112657,14668212,15176954,15616591,16188502,
Estonia,EST,Fixed broadband subscriptions,IT.NET.BBND,,,,,,,,,,,,,,,,,,,,,,,,,,,,,,,,,,,,,,,,,,17474,46500,90300,138677,179200,246800,264949,294660,313625,347883,348946,349507,360948,371009,390275,414478,428453,441173,431251,415610,
Ethiopia,ETH,Fixed broadband subscriptions,IT.NET.BBND,,,,,,,,,,,,,,,,,,,,,,,,,,,,,,,,,,,,,,,,,,,,57,35,61,261,1036,1496,3498,4107,6353,8535,238067,471285,478000,559000,62950,,159000,212000,
European Union,EUU,Fixed broadband subscriptions,IT.NET.BBND,,,,,,,,,,,,,,,,,,,,,,,,,,,,,,,,,,,,,,,,,1631668,5960319,11661813,20101399,33914418,50058223,68601295,85599736,96626366,106409586,113613097,120106101,124201793,129032849,134102590,139127853,144211616,149810842,154290848,158442729,163722540,
Fragile and conflict affected situations,FCS,Fixed broadband subscriptions,IT.NET.BBND,,,,,,,,,,,,,,,,,,,,,,,,,,,,,,,,,,,,,,,,,,,,,,386303,,1138764,1548660,2091502,3036834,3983842,5022257,6100125,7699997,7189970,8038562,12645641,12513648,14223888,16834107,
Finland,FIN,Fixed broadband subscriptions,IT.NET.BBND,,,,,,,,,,,,,,,,,,,,,,,,,,,,,,,,,,,,,,,,,35000,134000,273500,491100,800000,1174200,1429000,1617000,1618000,1565600,1559400,1606000,1647600,1720200,1758500,1729897,1712000,1710000,1737000,1797000,1846000,
Fiji,FJI,Fixed broadband subscriptions,IT.NET.BBND,,,,,,,,,,,,,,,,,,,,,,,,,,,,,,,,,,,,,,,,,,,,,,7000,8500,11500,13031,12830,23250,23250,13516,10927,12427,12734,12332,12135,19097,21454,23062,
France,FRA,Fixed broadband subscriptions,IT.NET.BBND,,,,,,,,,,,,,,,,,,,,,,,,,,,,,,,,,,,,,,,13464,55000,196601,601500,1655000,3569381,6561035,9471000,12711000,15750000,17830000,19852000,21337000,22749000,23980000,24940000,25969000,26867000,27680000,28480000,29100000,29760000,30627000,
Faroe Islands,FRO,Fixed broadband subscriptions,IT.NET.BBND,,,,,,,,,,,,,,,,,,,,,,,,,,,,,,,,,,,,,,,,,,54,114,394,3134,5868,13128,14463,14878,15882,16179,16057,16324,16700,17363,17792,17973,18041,18181,18180,18443,
"Micronesia, Fed. Sts.",FSM,Fixed broadband subscriptions,IT.NET.BBND,,,,,,,,,,,,,,,,,,,,,,,,,,,,,,,,,,,,,,,,,,,,6,26,46,95,116,,116,998,,,2063,3092,3277,3169,3776,,5000,6000,
Gabon,GAB,Fixed broadband subscriptions,IT.NET.BBND,,,,,,,,,,,,,,,,,,,,,,,,,,,,,,,,,,,,,,,,,,,,170,650,1530,1763,1983,2200,3697,4082,4500,5000,8900,10800,11082,15018,14747,21086,24377,44607,
United Kingdom,GBR,Fixed broadband subscriptions,IT.NET.BBND,,,,,,,,,,,,,,,,,,,,,,,,,,,,,,,,,,,,,,,,,52890,330960,1356481,3113702.33,6123907,9898653,13013000,15606000,17310023,17877223,19151508,20588901,21685668,23039803,23729800,24663109,25473619,26043431,26587110,26871963,27330297,
Georgia,GEO,Fixed broadband subscriptions,IT.NET.BBND,,,,,,,,,,,,,,,,,,,,,,,,,,,,,,,,,,,,,,,,,,430,920,1410,1900,2390,27000,46735,112131,150000,182432,248504,463052,516931,600826,635644,681038,776187,857306,937101,972162,
Ghana,GHA,Fixed broadband subscriptions,IT.NET.BBND,,,,,,,,,,,,,,,,,,,,,,,,,,,,,,,,,,,,,,,,,,,,,900,1904,12749,16197,22980,28401,52085,65149,68132,68795,70170,73132,86596,56810,61268,58518,78371,
Gibraltar,GIB,Fixed broadband subscriptions,IT.NET.BBND,,,,,,,,,,,,,,,,,,,,,,,,,,,,,,,,,,,,,,,,,,,,,,,,,,9297,10433,11284,11979,,13000,15577,16404,17373,18979,19497,21009,
Guinea,GIN,Fixed broadband subscriptions,IT.NET.BBND,,,,,,,,,,,,,,,,,,,,,,,,,,,,,,,,,,,,,,,,,,,,,,,,,,,500,600,700,800,900,1000,1100,1127,1213,1250,1000,
"Gambia, The",GMB,Fixed broadband subscriptions,IT.NET.BBND,,,,,,,,,,,,,,,,,,,,,,,,,,,,,,,,,,,,,,,,,,,,,36,71,,269,300,300,350,437,500,438,2743,3573,3750,4000,4433,5000,5000,
Guinea-Bissau,GNB,Fixed broadband subscriptions,IT.NET.BBND,,,,,,,,,,,,,,,,,,,,,,,,,,,,,,,,,,,,,,,,,,,,,,,,,,,800,1000,1203,1452,1395,1051,886,853,1204,1227,2383,
Equatorial Guinea,GNQ,Fixed broadband subscriptions,IT.NET.BBND,,,,,,,,,,,,,,,,,,,,,,,,,,,,,,,,,,,,,,,,,,,,,,180,180,180,180,180,1186,1346,1480,3518,3881,3799,3382,1897,1620,1000,1000,
Greece,GRC,Fixed broadband subscriptions,IT.NET.BBND,,,,,,,,,,,,,,,,,,,,,,,,,,,,,,,,,,,,,,,,,,,,10476,51455,160113,488180,1017475,1507000,1916630,2252653,2464282,2689428,2913191,3156071,3439034,3615029,3778268,3961864,4111278,4257026,
Grenada,GRD,Fixed broadband subscriptions,IT.NET.BBND,,,,,,,,,,,,,,,,,,,,,,,,,,,,,,,,,,,,,,,,,,,563,,609,3222,5544,7600,8954,12371,14437,14674,16000,18000,18811,19757,20821,22235,26987,31787,32000,
Greenland,GRL,Fixed broadband subscriptions,IT.NET.BBND,,,,,,,,,,,,,,,,,,,,,,,,,,,,,,,,,,,,,,,,,,,,119,3320,7128,9216,10547,12013,12540,12390,11891,11380,10800,10400,10000,,12016,13192,14404,15649,
Guatemala,GTM,Fixed broadband subscriptions,IT.NET.BBND,,,,,,,,,,,,,,,,,,,,,,,,,,,,,,,,,,,,,,,,,,,,,,27106,39000,57000,94500,156000,259000,,280302,352826,433734,459847,506000,531000,,585000,612000,
Guam,GUM,Fixed broadband subscriptions,IT.NET.BBND,,,,,,,,,,,,,,,,,,,,,,,,,,,,,,,,,,,,,,,,,,1750,,,,,,2700,2700,3000,3000,,,3000,3000,,,,,3000,3000,
Guyana,GUY,Fixed broadband subscriptions,IT.NET.BBND,,,,,,,,,,,,,,,,,,,,,,,,,,,,,,,,,,,,,,,,,,,,,,2000,,2362,5084,6823,11193,20540,29981,36900,45225,53687,57203,64889,,83000,95000,
High income,HIC,Fixed broadband subscriptions,IT.NET.BBND,,,,,,,,,,,,,,,,,,,,,,,,,,,,,,,,,,,,,,,,,15733382,36122356,61171712,89366850.33,125160633,167822840,208552820,245626911,270546910,289389473,306782344,322803296,335964734,346544704,355920864,376249566,388981329,402347432,412813727,424329788,442301302,
"Hong Kong SAR, China",HKG,Fixed broadband subscriptions,IT.NET.BBND,,,,,,,,,,,,,,,,,,,,,,,,,,,,,,,,,,,,,,,11000,86467,444450,716435,1038995,1267966,1517741,1659098,1796240,1898934,1935485,2053374,2167714,2299000,2255039,2235223,2281275,2347833,2626028,2658068,2714679,2804790,2885586,
Honduras,HND,Fixed broadband subscriptions,IT.NET.BBND,,,,,,,,,,,,,,,,,,,,,,,,,,,,,,,,,,,,,,,,,,,,,,,,,,,1000,57290,61277,68991,157852,197379,220386,238291,354861,390377,396916,
Heavily indebted poor countries (HIPC),HPC,Fixed broadband subscriptions,IT.NET.BBND,,,,,,,,,,,,,,,,,,,,,,,,,,,,,,,,,,,,,,,,,,,,,,,111109,211330,322515,382179,483868,678768,909327,1261929,1729695,1974106,2812846,2889526,3162916,4162181,5191976,
Croatia,HRV,Fixed broadband subscriptions,IT.NET.BBND,,,,,,,,,,,,,,,,,,,,,,,,,,,,,,,,,,,,,,,,,,,,3400,26200,116200,251800,387050,527989,717354,837862,892835,919222,954720,984485,986215,1043795,1095881,1128273,1154773,1030973,
Haiti,HTI,Fixed broadband subscriptions,IT.NET.BBND,,,,,,,,,,,,,,,,,,,,,,,,,,,,,,,,,,,,,,,,,,,,,,,,,,,,,0,0,0,1348,1348,29900,31100,31100,31000,
Hungary,HUN,Fixed broadband subscriptions,IT.NET.BBND,,,,,,,,,,,,,,,,,,,,,,,,,,,,,,,,,,,,,,,,,3400,31384,111458,264311,411111,651689,1199190,1454511,1770574,1976723,2159421,2313092,2396035,2597159,2580537,2718794,2814523,2956585,3079549,3189689,3265308,
IBRD only,IBD,Fixed broadband subscriptions,IT.NET.BBND,,,,,,,,,,,,,,,,,,,,,,,,,,,,,,,,,,,,,,,,,,1055193,5199495,15046247,34380898,54123473,81031890,114992867,153057809,194883392,235007148,286095738,323209068,352108727,376179648,467780023,527873810,622042690,653344922,713442552,779752285,
IDA & IBRD total,IBT,Fixed broadband subscriptions,IT.NET.BBND,,,,,,,,,,,,,,,,,,,,,,,,,,,,,,,,,,,,,,,,,,1057860,5210160,15069317,34426703,54242548,81249539,115478099,153863220,196406449,237303102,289150214,327380981,358150114,385479390,480355508,544828141,641137477,674247933,736542222,807196454,
IDA total,IDA,Fixed broadband subscriptions,IT.NET.BBND,,,,,,,,,,,,,,,,,,,,,,,,,,,,,,,,,,,,,,,,,,,,,,119075,,485232,805411,1523057,2295954,3054476,4171913,6041387,9299742,12575485,16954331,19094787,20903011,23099670,27444169,
IDA blend,IDB,Fixed broadband subscriptions,IT.NET.BBND,,,,,,,,,,,,,,,,,,,,,,,,,,,,,,,,,,,,,,,,,,,,,,64385,,198547,388274,707167,1154327,,1999012,2256952,3234494,4041846,6144440,6741559,7393442,7963233,9184289,
Indonesia,IDN,Fixed broadband subscriptions,IT.NET.BBND,,,,,,,,,,,,,,,,,,,,,,,,,,,,,,,,,,,,,,,,,4000,15000,38300,61600,84900,108200,194367,778770,981562,1863821,2280316,2736379,2983000,3251800,3400000,3983000,5227393,6215923,8874116,10284364,11722218,
IDA only,IDX,Fixed broadband subscriptions,IT.NET.BBND,,,,,,,,,,,,,,,,,,,,,,,,,,,,,,,,,,,,,,,,,,,,,,,,286685,417137,815890,1141627,1530045,2172901,3784435,6065248,8533639,10809891,12353228,13509569,15136437,18259880,
Isle of Man,IMN,Fixed broadband subscriptions,IT.NET.BBND,,,,,,,,,,,,,,,,,,,,,,,,,,,,,,,,,,,,,,,,,,,,,,,,,,,,,,,,,,,,,,
India,IND,Fixed broadband subscriptions,IT.NET.BBND,,,,,,,,,,,,,,,,,,,,,,,,,,,,,,,,,,,,,,,,,,50000,82409,140362,235000,1348000,2300000,3130000,5280000,7745710,10990000,13351187,14982178,14927670,15750000,16942750,18653312,17856024,18170000,19156559,22950000,
Not classified,INX,Fixed broadband subscriptions,IT.NET.BBND,,,,,,,,,,,,,,,,,,,,,,,,,,,,,,,,,,,,,,,,,,,,,,,,,,,,,,,,,,,,,,
Ireland,IRL,Fixed broadband subscriptions,IT.NET.BBND,,,,,,,,,,,,,,,,,,,,,,,,,,,,,,,,,,,,,,,,,,,10600,41800,152100,322500,561700,758722,891243,976381,1019964,1070776,1112082,1189212,1258758,1309467,1360204,1398798,1430160,1462549,1516473,
"Iran, Islamic Rep.",IRN,Fixed broadband subscriptions,IT.NET.BBND,,,,,,,,,,,,,,,,,,,,,,,,,,,,,,,,,,,,,,,,,176,661,16171,18700,,,100000,200000,300000,400000,987549,2119708,3803692,5161156,6145220,6608662,7608560,8599949,9806751,8626182,9564195,
Iraq,IRQ,Fixed broadband subscriptions,IT.NET.BBND,,,,,,,,,,,,,,,,,,,,,,,,,,,,,,,,,,,,,,,,,,,,,,,26,98,54,121,3117,,,,,,,4291911,4492328,4559053,6254099,
Iceland,ISL,Fixed broadband subscriptions,IT.NET.BBND,,,,,,,,,,,,,,,,,,,,,,,,,,,,,,,,,,,,,,,,81,2358,10424,24270,41571,55764,78017,87738,100026,106017,107072,109212,111584,113420,117467,119647,124436,128023,134624,137989,139241,141816,
Israel,ISR,Fixed broadband subscriptions,IT.NET.BBND,,,,,,,,,,,,,,,,,,,,,,,,,,,,,,,,,,,,,,,,,,43865,231663,633100,980000,1229626,1421000,1528500,1684000,1723000,1762000,1879029,1937000,2003000,2131000,2173000,2258000,2342000,2435000,2481000,2602079,
Italy,ITA,Fixed broadband subscriptions,IT.NET.BBND,,,,,,,,,,,,,,,,,,,,,,,,,,,,,,,,,,,,,,,,,115000,390000,850000,2250000,4724500,6822210,8497422,10122126,11276262,12084537,13098028,13518710,13763362,14012976,14382487,14900171,15563279,16586377,17157901,17470489,18128787,
Jamaica,JAM,Fixed broadband subscriptions,IT.NET.BBND,,,,,,,,,,,,,,,,,,,,,,,,,,,,,,,,,,,,,,,,,,3235,9000,9000,27000,45000,68243,92768,97323,112201,116685,118269,123046,140816,151554,228890,286068,239120,284756,317907,385603,
Jordan,JOR,Fixed broadband subscriptions,IT.NET.BBND,,,,,,,,,,,,,,,,,,,,,,,,,,,,,,,,,,,,,,,,,,409,3177,4996,10424,23551,48622,88818,145838,237996,293276,296612,300294,328382,351783,309726,297324,331925,399596,457496,630545,
Japan,JPN,Fixed broadband subscriptions,IT.NET.BBND,,,,,,,,,,,,,,,,,,,,,,,,,,,,,,,,,,,,,,,32000,216000,854655,3835000,9397426,14917165,19557146,23301105,26438867,28303003,30117679,32863203,34101778,35696214,36132405,36918650,37788929,38872579,39805586,40532466,41496293,42502489,44000791,
Kazakhstan,KAZ,Fixed broadband subscriptions,IT.NET.BBND,,,,,,,,,,,,,,,,,,,,,,,,,,,,,,,,,,,,,,,,,,,,998,1997,2996,30500,270370,337300,577344,869600,1193400,1637300,1958823,2148000,2301000,2349900,2576100,2461300,2512600,2620400,
Kenya,KEN,Fixed broadband subscriptions,IT.NET.BBND,,,,,,,,,,,,,,,,,,,,,,,,,,,,,,,,,,,,,,,,,,,,,,5399,17723,17737,3282,18200,6866,54144,54348,74144,101813,135107,132702,288303,371498,491183,674191,
Kyrgyz Republic,KGZ,Fixed broadband subscriptions,IT.NET.BBND,,,,,,,,,,,,,,,,,,,,,,,,,,,,,,,,,,,,,,,,,,,36,139,1907,2292,2762,3115,19032,17355,23053,39040,54614,136200,170706,211521,240873,258013,250612,269091,289000,
Cambodia,KHM,Fixed broadband subscriptions,IT.NET.BBND,,,,,,,,,,,,,,,,,,,,,,,,,,,,,,,,,,,,,,,,,,,50,419,780,1000,2900,8450,16594,30000,35666,22000,29734,32648,66111,83504,97641,133633,166200,184379,233772,
Kiribati,KIR,Fixed broadband subscriptions,IT.NET.BBND,,,,,,,,,,,,,,,,,,,,,,,,,,,,,,,,,,,,,,,,,,,,,,322,402,504,685,765,846,850,800,700,500,117,110,111,87,105,185,
St. Kitts and Nevis,KNA,Fixed broadband subscriptions,IT.NET.BBND,,,,,,,,,,,,,,,,,,,,,,,,,,,,,,,,,,,,,,,,,,,500,2000,4400,6500,8800,9600,11104,13000,14600,12600,13000,13300,14018,16376,14178,29272,16381,20379,30000,
"Korea, Rep.",KOR,Fixed broadband subscriptions,IT.NET.BBND,,,,,,,,,,,,,,,,,,,,,,,,,,,,,,,,,,,,,,,14000,278000,3870000,7818020,10405486,11178499,11921439,12190711,14042698,14709998,15474931,16348571,17194272,17859522,18252661,18737514,19198934,20024419,20555683,21195918,21285858,21906172,22327182,
Kuwait,KWT,Fixed broadband subscriptions,IT.NET.BBND,,,,,,,,,,,,,,,,,,,,,,,,,,,,,,,,,,,,,,,,,,5000,10500,13000,20000,25000,30000,35000,40000,45000,46000,47000,47000,47000,48000,55000,101390,117719,103821,84595,73948,
Latin America & Caribbean (excluding high income),LAC,Fixed broadband subscriptions,IT.NET.BBND,,,,,,,,,,,,,,,,,,,,,,,,,,,,,,,,,,,,,,,,,125880,497926,1217393,1894207,5274482,7055478,10959800,17217233,24179590,29310847,34200993,40809359,45700690,50026654,54465142,59318653,63449644,68382967,73401459,78400544,87413829,
Lao PDR,LAO,Fixed broadband subscriptions,IT.NET.BBND,,,,,,,,,,,,,,,,,,,,,,,,,,,,,,,,,,,,,,,,,,,,25,50,314,741,1135,2896,4317,5885,6546,7578,9025,16119,14550,24426,27217,45379,76280,128000,
Lebanon,LBN,Fixed broadband subscriptions,IT.NET.BBND,,,,,,,,,,,,,,,,,,,,,,,,,,,,,,,,,,,,,,,,,,,0,0,0,0,0,50000,100000,197000,331089,402329,476185,480000,1132139,,,,,420000,432070,
Liberia,LBR,Fixed broadband subscriptions,IT.NET.BBND,,,,,,,,,,,,,,,,,,,,,,,,,,,,,,,,,,,,,,,,,,,,,,,,,110,150,186,63,524,5080,6000,7000,8000,9000,,11000,13000,
Libya,LBY,Fixed broadband subscriptions,IT.NET.BBND,,,,,,,,,,,,,,,,,,,,,,,,,,,,,,,,,,,,,,,,,,,,,,,,,46242,63000,72800,70000,67300,64700,62800,61000,168920,318000,,318000,332000,
St. Lucia,LCA,Fixed broadband subscriptions,IT.NET.BBND,,,,,,,,,,,,,,,,,,,,,,,,,,,,,,,,,,,,,,,,,,,,1400,3800,7000,7176,11078,15527,18586,20491,21340,24573,24704,28199,28426,29786,31828,32265,15785,33000,
Latin America & Caribbean,LCN,Fixed broadband subscriptions,IT.NET.BBND,,,,,,,,,,,,,,,,,,,,,,,,,,,,,,,,,,,,,,,,,138033,615622,1527181,2475357,6154798,8388283,12978925,20011773,27808515,33700979,39176294,46277176,51786998,56674718,61640205,67115545,71531173,76734548,81969242,87235233,96775118,
Least developed countries: UN classification,LDC,Fixed broadband subscriptions,IT.NET.BBND,,,,,,,,,,,,,,,,,,,,,,,,,,,,,,,,,,,,,,,,,,,,,,,,217048,301689,633851,903649,1133706,1564023,2929671,4931817,7154952,8918168,10004779,11203805,12451468,15445322,
Low income,LIC,Fixed broadband subscriptions,IT.NET.BBND,,,,,,,,,,,,,,,,,,,,,,,,,,,,,,,,,,,,,,,,,,,,,,,24787,91935,129586,157763,278020,429662,692628,1115440,1625298,2053132,2314197,2256971,,2658739,2983653,
Liechtenstein,LIE,Fixed broadband subscriptions,IT.NET.BBND,,,,,,,,,,,,,,,,,,,,,,,,,,,,,,,,,,,,,,,,,,,1437,1500,4741,8617,10000,14200,15550,15983,15250,13595,14416,15016,15610,15696,15935,16253,16712,17173,18050,
Sri Lanka,LKA,Fixed broadband subscriptions,IT.NET.BBND,,,,,,,,,,,,,,,,,,,,,,,,,,,,,,,,,,,,,,,,,,327,592,3417,20450,21000,22895,63263,101922,169600,228316,359000,354000,424357,567601,625917,892184,1220504,1544313,1666317,1781530,
Lower middle income,LMC,Fixed broadband subscriptions,IT.NET.BBND,,,,,,,,,,,,,,,,,,,,,,,,,,,,,,,,,,,,,,,,,,,222410,406907,736028,2627136,5054859,8684853,14285949,21549811,27058275,34806224,41858753,46891258,54607376,63038646,74585446,82638353,93227814,104061387,122043299,
Low & middle income,LMY,Fixed broadband subscriptions,IT.NET.BBND,,,,,,,,,,,,,,,,,,,,,,,,,,,,,,,,,,,,,,,,,,,4793160,14186905,32676909,51656642,75221736,106496167,143269417,183511664,223313264,273379553,310907632,340765694,367162764,461279701,525178808,620602210,652890206,714886482,784318813,
Lesotho,LSO,Fixed broadband subscriptions,IT.NET.BBND,,,,,,,,,,,,,,,,,,,,,,,,,,,,,,,,,,,,,,,,,,,,,22,45,,110,140,400,400,1339,1636,2275,1502,2062,2230,4821,5763,4618,5060,
Late-demographic dividend,LTE,Fixed broadband subscriptions,IT.NET.BBND,,,,,,,,,,,,,,,,,,,,,,,,,,,,,,,,,,,,,,,,,143827,833189,4608870,13851798,31723248,47534492,69293663,96093112,124539437,156703747,189222451,230611710,258875194,281816667,301725936,385464311,437059320,521640326,543560186,593454381,639830646,
Lithuania,LTU,Fixed broadband subscriptions,IT.NET.BBND,,,,,,,,,,,,,,,,,,,,,,,,,,,,,,,,,,,,,,,,,,2427,20000,66790,129051,234081,368715,559036,590103,633779,679321,727699,768861,836200,801863,833298,857761,798769,788743,790419,796814,
Luxembourg,LUX,Fixed broadband subscriptions,IT.NET.BBND,,,,,,,,,,,,,,,,,,,,,,,,,,,,,,,,,,,,,,,,,,1215,5827,15351,36500,70100,98930,128680,143200,156120,168368,169753,169700,176500,186800,195300,203100,214600,224300,230100,235155,
Latvia,LVA,Fixed broadband subscriptions,IT.NET.BBND,,,,,,,,,,,,,,,,,,,,,,,,,,,,,,,,,,,,,,,,,284,3235,10000,19533,49147,60770,109674,338559,412108,454714,434876,457422,476141,496000,505000,503503,519154,526222,525995,508924,490569,
"Macao SAR, China",MAC,Fixed broadband subscriptions,IT.NET.BBND,,,,,,,,,,,,,,,,,,,,,,,,,,,,,,,,,,,,,,,,,3731,9788,16954,27774,45218,68030,92217,110498,121569,126142,132081,137661,144596,151796,161498,169939,177959,186000,193057,200000,208000,
St. Martin (French part),MAF,Fixed broadband subscriptions,IT.NET.BBND,,,,,,,,,,,,,,,,,,,,,,,,,,,,,,,,,,,,,,,,,,,,,,,,,,,,,,,,,,,,,,
Morocco,MAR,Fixed broadband subscriptions,IT.NET.BBND,,,,,,,,,,,,,,,,,,,,,,,,,,,,,,,,,,,,,,,,,,,2000,2712,64660,249138,391857,477360,493228,479503,504499,595207,689541,843940,993451,1147533,1255428,1378867,1552599,1751341,2102434,
Monaco,MCO,Fixed broadband subscriptions,IT.NET.BBND,,,,,,,,,,,,,,,,,,,,,,,,,,,,,,,,,,,,,,,,,800,2658,4904,6535,7606,9500,11000,12300,13000,13400,13800,15920,16258,16896,17800,18354,18614,19258,19684,20476,20877,
Moldova,MDA,Fixed broadband subscriptions,IT.NET.BBND,,,,,,,,,,,,,,,,,,,,,,,,,,,,,,,,,,,,,,,,,,239,418,597,2429,10395,21792,52806,115227,187665,270756,356324,418519,469367,509195,534393,557403,584330,623135,670530,719001,
Madagascar,MDG,Fixed broadband subscriptions,IT.NET.BBND,,,,,,,,,,,,,,,,,,,,,,,,,,,,,,,,,,,,,,,,,,,,,,,1361,2354,3488,4576,5391,6852,31077,37988,24835,23694,26385,25062,27211,30000,32000,
Maldives,MDV,Fixed broadband subscriptions,IT.NET.BBND,,,,,,,,,,,,,,,,,,,,,,,,,,,,,,,,,,,,,,,,,,,190,503,717,3260,6274,10405,15359,15380,15553,17638,18059,20351,19842,23175,29309,36534,47395,53169,63685,
Middle East & North Africa,MEA,Fixed broadband subscriptions,IT.NET.BBND,,,,,,,,,,,,,,,,,,,,,,,,,,,,,,,,,,,,,,,,,,,388878,857526,,2141398,3116409,4577861,6267066,8075140,9979597,12674252,16127317,16092918,19129367,26904840,29926551,39198718,42454689,44281101,51110473,
Mexico,MEX,Fixed broadband subscriptions,IT.NET.BBND,,,,,,,,,,,,,,,,,,,,,,,,,,,,,,,,,,,,,,,,,15000,50000,231486,428371,1057282,1922352,3020000,4504422,7532633,9641168,10582865,11566069,13077276,12747873,13032519,14757686,15923971,17000482,18358920,19353056,21936131,
Marshall Islands,MHL,Fixed broadband subscriptions,IT.NET.BBND,,,,,,,,,,,,,,,,,,,,,,,,,,,,,,,,,,,,,,,,,,,,,,,,,,,,,,1284,1372,1000,1000,1000,,1000,1000,
Middle income,MIC,Fixed broadband subscriptions,IT.NET.BBND,,,,,,,,,,,,,,,,,,,,,,,,,,,,,,,,,,,,,,,,,,928699,4793062,14186543,32673478,51647543,75196949,106404232,143139831,183353901,223035244,272949891,310215004,339650254,365537466,459226569,522864611,618345239,650761942,712227743,781335160,
North Macedonia,MKD,Fixed broadband subscriptions,IT.NET.BBND,,,,,,,,,,,,,,,,,,,,,,,,,,,,,,,,,,,,,,,,,,,,,,12436,36485,100507,181012,232783,258741,281565,312272,338486,354094,364421,381531,396295,427964,454300,475569,
Mali,MLI,Fixed broadband subscriptions,IT.NET.BBND,,,,,,,,,,,,,,,,,,,,,,,,,,,,,,,,,,,,,,,,,,,,,,,3085,3200,5272,8244,8019,8482,4320,2909,,3499,21444,15400,120934,142522,243806,
Malta,MLT,Fixed broadband subscriptions,IT.NET.BBND,,,,,,,,,,,,,,,,,,,,,,,,,,,,,,,,,,,,,,,,,1656,9157,17679,22736,37642,51409,52948,83982,98209,113656,125889,128678,135758,143010,151557,163205,171263,181318,191833,202513,213419,
Myanmar,MMR,Fixed broadband subscriptions,IT.NET.BBND,,,,,,,,,,,,,,,,,,,,,,,,,,,,,,,,,,,,,,,,,,,,,,243,3961,6466,9995,23240,22950,21898,,,,32921,89686,111567,129050,485853,688815,
Middle East & North Africa (excluding high income),MNA,Fixed broadband subscriptions,IT.NET.BBND,,,,,,,,,,,,,,,,,,,,,,,,,,,,,,,,,,,,,,,,,,,,99517,,,1048199,1751360,2606940,3739938,5188037,7266781,9918582,12188141,15016940,16219582,18930022,26342911,29061340,30766346,36131640,
Montenegro,MNE,Fixed broadband subscriptions,IT.NET.BBND,,,,,,,,,,,,,,,,,,,,,,,,,,,,,,,,,,,,,,,,,,,,,,7665,,17852,39749,59329,64665,64712,87768,95721,103863,112394,114848,137426,159029,178781,184176,
Mongolia,MNG,Fixed broadband subscriptions,IT.NET.BBND,,,,,,,,,,,,,,,,,,,,,,,,,,,,,,,,,,,,,,,,,,49,90,500,900,1800,3500,7395,32504,40077,76754,94052,110165,139729,197247,208047,226147,285093,306150,317317,307166,
Northern Mariana Islands,MNP,Fixed broadband subscriptions,IT.NET.BBND,,,,,,,,,,,,,,,,,,,,,,,,,,,,,,,,,,,,,,,,,,,,,,,,,,,,,,,,,,,,,,
Mozambique,MOZ,Fixed broadband subscriptions,IT.NET.BBND,,,,,,,,,,,,,,,,,,,,,,,,,,,,,,,,,,,,,,,,,,,,,,,2201,6367,11135,13748,17323,28374,29438,28852,36985,42570,46599,61641,70142,69975,70000,
Mauritania,MRT,Fixed broadband subscriptions,IT.NET.BBND,,,,,,,,,,,,,,,,,,,,,,,,,,,,,,,,,,,,,,,,,,,,,,164,973,4000,5876,6775,5809,6120,6697,7532,8000,9638,11141,12637,13224,10815,18457,
Mauritius,MUS,Fixed broadband subscriptions,IT.NET.BBND,,,,,,,,,,,,,,,,,,,,,,,,,,,,,,,,,,,,,,,,,,,285,1184,2564,5398,27895,35132,52511,72875,93922,118235,140800,162400,182000,197400,212600,246000,274700,307200,323200,
Malawi,MWI,Fixed broadband subscriptions,IT.NET.BBND,,,,,,,,,,,,,,,,,,,,,,,,,,,,,,,,,,,,,,,,,,,,69,138,404,,934,986,1034,1085,1730,1238,8777,8561,5855,8692,10816,11358,11358,12255,
Malaysia,MYS,Fixed broadband subscriptions,IT.NET.BBND,,,,,,,,,,,,,,,,,,,,,,,,,,,,,,,,,,,,,,,,,,4000,19302,110402,252500,483100,751000,1035200,1329300,1553600,2097800,2506700,2920900,2938800,3061000,3063800,2718800,2687800,2696000,2964500,3358800,
North America,NAC,Fixed broadband subscriptions,IT.NET.BBND,,,,,,,,,,,,,,,,,,,,,,,,,,,,,,,,,,,,,,,845900,3336286,8480806,15628812,23396549,32257342,42768520,58178837,68305344,80808121,87006258,90322000,95379203,99599579,104203914,108166561,110412731,115357376,119123293,122146613,125201606,129434175,137024813,
Namibia,NAM,Fixed broadband subscriptions,IT.NET.BBND,,,,,,,,,,,,,,,,,,,,,,,,,,,,,,,,,,,,,,,,,,,,,,134,198,256,320,477,9435,17610,24053,35740,41212,70408,64343,65779,61968,63314,71063,
New Caledonia,NCL,Fixed broadband subscriptions,IT.NET.BBND,,,,,,,,,,,,,,,,,,,,,,,,,,,,,,,,,,,,,,,,,,132,700,1668,5146,9600,15601,20315,25455,33121,38196,42767,47900,53600,58300,55371,,,,55000,55000,
Niger,NER,Fixed broadband subscriptions,IT.NET.BBND,,,,,,,,,,,,,,,,,,,,,,,,,,,,,,,,,,,,,,,,,,,,,77,212,347,482,617,1000,1500,2114,3669,6400,29954,27188,7707,8650,,11000,12000,
Nigeria,NGA,Fixed broadband subscriptions,IT.NET.BBND,,,,,,,,,,,,,,,,,,,,,,,,,,,,,,,,,,,,,,,,,,,,,,500,,53594,67776,81958,99108,,14279,15045,15740,15688,107931,110834,73965,83360,65313,
Nicaragua,NIC,Fixed broadband subscriptions,IT.NET.BBND,,,,,,,,,,,,,,,,,,,,,,,,,,,,,,,,,,,,,,,,,700,1604,2319,4403,5001,10534,19042,27550,43212,78678,73279,85092,101312,131687,111409,116308,177024,210124,192413,217618,290351,
Netherlands,NLD,Fixed broadband subscriptions,IT.NET.BBND,,,,,,,,,,,,,,,,,,,,,,,,,,,,,,,,,,,,,,,75500,75500,260000,466200,1170966,1988000,3206000,4100000,5192200,5507000,5805000,6129000,6329000,6498007,6654000,6792000,6851000,7029097,7222770,7289580,7406700,7458570,7525016,
Norway,NOR,Fixed broadband subscriptions,IT.NET.BBND,,,,,,,,,,,,,,,,,,,,,,,,,,,,,,,,,,,,,,,,,23297,88541,205307,398758,671666,991349,1244536,1457265,1577430,1668231,1723355,1785676,1857724,1910720,1977129,2050460,2106975,2165221,2205861,2260605,2387661,
Nepal,NPL,Fixed broadband subscriptions,IT.NET.BBND,,,,,,,,,,,,,,,,,,,,,,,,,,,,,,,,,,,,,,,,,,,,,,,963,10957,12000,17078,60177,94656,230618,311457,250602,302705,224184,503206,791961,1031000,1270000,
Nauru,NRU,Fixed broadband subscriptions,IT.NET.BBND,,,,,,,,,,,,,,,,,,,,,,,,,,,,,,,,,,,,,,,,,,,,,,,,,,,950,,,,,,,,,,,
New Zealand,NZL,Fixed broadband subscriptions,IT.NET.BBND,,,,,,,,,,,,,,,,,,,,,,,,,,,,,,,,,,,,,,,,,4658,17267,43500,83000,191695,321000,470200,853020,914961,1022335,1092000,1178000,1272000,1316000,1410000,1450900,1530500,1583000,1647635,1697534,1764984,
OECD members,OED,Fixed broadband subscriptions,IT.NET.BBND,,,,,,,,,,,,,,,,,,,,,,,,,,,,,,,,,,,,,,,,,15006644,34119819,57881479,84852178.33,120501264,163756464,205225450,243930116,271119384,291489318,309735991,326597940,339955135,353041748,363964613,380122100,394560081,408708530,421502631,434431467,456223020,
Oman,OMN,Fixed broadband subscriptions,IT.NET.BBND,,,,,,,,,,,,,,,,,,,,,,,,,,,,,,,,,,,,,,,,,,,97,136,668,13240,20065,20177,32447,41131,58556,78217,113324,154290,177063,233234,284647,348926,422035,473070,508949,
Other small states,OSS,Fixed broadband subscriptions,IT.NET.BBND,,,,,,,,,,,,,,,,,,,,,,,,,,,,,,,,,,,,,,,,,,,,,,418749,,794297,1004012,1209436,1352869,1598134,1700408,1835313,1926150,2029195,2112954,2169956,2231016,2371897,2693456,
Pakistan,PAK,Fixed broadband subscriptions,IT.NET.BBND,,,,,,,,,,,,,,,,,,,,,,,,,,,,,,,,,,,,,,,,,,,,,,14600,26611,45153,168082,391629,789487,1166301,1516809,1628105,2008684,1793199,2488334,2318001,2095428,2039788,2523027,
Panama,PAN,Fixed broadband subscriptions,IT.NET.BBND,,,,,,,,,,,,,,,,,,,,,,,,,,,,,,,,,,,,,,,,,,7771,12235,15039,16746,17567,112738,150283,196190,234381,258292,282843,294739,307266,310065,316168,429931,441163,540220,535631,562413,
Peru,PER,Fixed broadband subscriptions,IT.NET.BBND,,,,,,,,,,,,,,,,,,,,,,,,,,,,,,,,,,,,,,,,75,1078,1078,37401,93908,227610,352622,484899,570218,725563,827663,932503,1211767,1442784,1612812,1767057,1999459,2120762,2310217,2536077,2784000,3044000,
Philippines,PHL,Fixed broadband subscriptions,IT.NET.BBND,,,,,,,,,,,,,,,,,,,,,,,,,,,,,,,,,,,,,,,,,,10000,21000,55000,89000,123000,265030,496151,1045716,1722407,,1791000,2146600,2572800,2900000,2900000,2985452,3399291,3788489,5920087,7936574,
Palau,PLW,Fixed broadband subscriptions,IT.NET.BBND,,,,,,,,,,,,,,,,,,,,,,,,,,,,,,,,,,,,,,,,,,,,,74,100,97,101,111,142,239,518,898,1805,1110,1224,,,,,,
Papua New Guinea,PNG,Fixed broadband subscriptions,IT.NET.BBND,,,,,,,,,,,,,,,,,,,,,,,,,,,,,,,,,,,,,,,,,,,,,,,,,2987,4453,6100,7500,9200,11300,13200,15000,17000,18000,,20000,21000,
Poland,POL,Fixed broadband subscriptions,IT.NET.BBND,,,,,,,,,,,,,,,,,,,,,,,,,,,,,,,,,,,,,,,,,,12000,121684,195752,875865,945159,2911152,4174003,4462686,5596000,5858498,6972130,6887676,7031055,7233854,7265546,7327918,7633078,7851422,7837958,8369218,
Pre-demographic dividend,PRE,Fixed broadband subscriptions,IT.NET.BBND,,,,,,,,,,,,,,,,,,,,,,,,,,,,,,,,,,,,,,,,,,,,,,,,210716,256270,281918,367508,,608342,675421,907266,1160205,1730105,6614027,7059332,7719119,10361511,
Puerto Rico,PRI,Fixed broadband subscriptions,IT.NET.BBND,,,,,,,,,,,,,,,,,,,,,,,,,,,,,,,,,,,,,,,,,,2427,22732,54337,86303,118268,150233,182198,426310,480293,551520,558251,573225,601570,610334,704411,686851,660077,609027,609943,671284,
"Korea, Dem. People's Rep.",PRK,Fixed broadband subscriptions,IT.NET.BBND,,,,,,,,,,,,,,,,,,,,,,,,,,,,,,,,,,,,,,,,,,,,,,,,,,,,,,,,,,,,,,
Portugal,PRT,Fixed broadband subscriptions,IT.NET.BBND,,,,,,,,,,,,,,,,,,,,,,,,,,,,,,,,,,,,,,,,297,25154,99316,260591,502030,838371,1165440,1423687,1527050,1635427,1911827,2126689,2243036,2390778,2563356,2857776,3142188,3375597,3574638,3784684,3967699,4160795,
Paraguay,PRY,Fixed broadband subscriptions,IT.NET.BBND,,,,,,,,,,,,,,,,,,,,,,,,,,,,,,,,,,,,,,,,,150,300,500,500,3050,5600,6000,8600,12800,77435,89493,120101,136152,156576,185125,215135,246660,290264,320700,412186,562369,
West Bank and Gaza,PSE,Fixed broadband subscriptions,IT.NET.BBND,,,,,,,,,,,,,,,,,,,,,,,,,,,,,,,,,,,,,,,,,,,,,18,7463,27172,55648,,,,155964,186380,213065,235142,274500,320684,359872,364086,364881,376911,
Pacific island small states,PSS,Fixed broadband subscriptions,IT.NET.BBND,,,,,,,,,,,,,,,,,,,,,,,,,,,,,,,,,,,,,,,,,,,,,,8837,10820,14531,16698,17653,30845,29135,20690,22361,28676,29061,28255,23330,24883,41887,40724,
Post-demographic dividend,PST,Fixed broadband subscriptions,IT.NET.BBND,,,,,,,,,,,,,,,,,,,,,,,,,,,,,,,,,,,,,,,,,15491314,34777801,58291518,84516336.33,118119138,159074788,196043573,229497496,252986071,270110266,287624006,301763275,313484337,325563071,335022908,349397579,361610072,372405782,381779583,394034027,409919149,
French Polynesia,PYF,Fixed broadband subscriptions,IT.NET.BBND,,,,,,,,,,,,,,,,,,,,,,,,,,,,,,,,,,,,,,,,,,25,32,946,4551,11000,18234,23600,27671,30030,32247,36000,40200,44900,49740,51908,55443,57684,59790,62000,64000,
Qatar,QAT,Fixed broadband subscriptions,IT.NET.BBND,,,,,,,,,,,,,,,,,,,,,,,,,,,,,,,,,,,,,,,,,,,228,2991,10915,25609,46773,87673,106177,144760,145787,164601,185127,215487,225472,237774,253718,256560,267906,284679,296126,
Romania,ROU,Fixed broadband subscriptions,IT.NET.BBND,,,,,,,,,,,,,,,,,,,,,,,,,,,,,,,,,,,,,,,,,,6000,15800,196106,104265,377090,1090000,1952200,2517400,2812600,3000600,3283150,3541340,3790270,4016389,4262132,4449500,4754782,5089610,5277226,5684782,
Russian Federation,RUS,Fixed broadband subscriptions,IT.NET.BBND,,,,,,,,,,,,,,,,,,,,,,,,,,,,,,,,,,,,,,,,,,,11000,343000,675000,1589000,2900000,4900000,9280000,12900000,15700000,17634806,20923296,23745346,24950550,26881463,27522702,31103235,32062780,32857614,33893305,
Rwanda,RWA,Fixed broadband subscriptions,IT.NET.BBND,,,,,,,,,,,,,,,,,,,,,,,,,,,,,,,,,,,,,,,,,,,,,1148,1180,1704,2543,1120,2214,3942,8645,5498,2781,2917,21125,21721,21780,7501,8885,17685,
South Asia,SAS,Fixed broadband subscriptions,IT.NET.BBND,,,,,,,,,,,,,,,,,,,,,,,,,,,,,,,,,,,,,,,,,,50327,83191,144282,256367,1387080,2357243,3303988,5629923,8660474,12508277,15470515,17720391,18859246,21716379,24615627,28905009,29260658,30728787,32060790,38670820,
Saudi Arabia,SAU,Fixed broadband subscriptions,IT.NET.BBND,,,,,,,,,,,,,,,,,,,,,,,,,,,,,,,,,,,,,,,,,,14000,34782,45982,68700,67798,218176,623116,1048098,1437718,1711598,1951457,2540151,,,6335557,6397541,6653291,6821873,6801949,7890261,
Sudan,SDN,Fixed broadband subscriptions,IT.NET.BBND,,,,,,,,,,,,,,,,,,,,,,,,,,,,,,,,,,,,,,,,,,,,,793,1269,2065,42500,44625,,13500,17430,24789,25707,20661,28093,26376,30549,31352,32762,28782,
Senegal,SEN,Fixed broadband subscriptions,IT.NET.BBND,,,,,,,,,,,,,,,,,,,,,,,,,,,,,,,,,,,,,,,,,,,1200,2383,7665,18028,28926,38132,47358,58720,78647,92713,95561,106733,103362,100611,98353,111795,129820,152047,153813,
Singapore,SGP,Fixed broadband subscriptions,IT.NET.BBND,,,,,,,,,,,,,,,,,,,,,,,,,,,,,,,,,,,,,,,10000,30000,69000,151000,270000,417100,545200,656200,787900,926000,1071200,1233500,1338400,1408200,1432800,1493400,1474000,1486200,1591900,1475700,1493600,1504000,1509700,
Solomon Islands,SLB,Fixed broadband subscriptions,IT.NET.BBND,,,,,,,,,,,,,,,,,,,,,,,,,,,,,,,,,,,,,,,,,,,,,200,450,650,1000,1500,2000,2522,2430,2132,1884,1335,1420,1639,1166,1488,1045,1000,
Sierra Leone,SLE,Fixed broadband subscriptions,IT.NET.BBND,,,,,,,,,,,,,,,,,,,,,,,,,,,,,,,,,,,,,,,,,,,,,,,,,,,,,,,,,,,,,,
El Salvador,SLV,Fixed broadband subscriptions,IT.NET.BBND,,,,,,,,,,,,,,,,,,,,,,,,,,,,,,,,,,,,,,,,,,,,19601,29321,42314,61484,89761,123469,149406,175274,206000,242100,284428,318915,353001,395307,451263,492265,525088,586000,
San Marino,SMR,Fixed broadband subscriptions,IT.NET.BBND,,,,,,,,,,,,,,,,,,,,,,,,,,,,,,,,,,,,,,,,,,,,600,1076,1220,1480,1599,4900,5446,5992,6538,9902,10231,11700,11641,12000,10500,10858,11081,11000,
Somalia,SOM,Fixed broadband subscriptions,IT.NET.BBND,,,,,,,,,,,,,,,,,,,,,,,,,,,,,,,,,,,,,,,,,,,,,,,,,,,,,40000,60000,70000,82000,92000,98000,,98000,119000,
Serbia,SRB,Fixed broadband subscriptions,IT.NET.BBND,,,,,,,,,,,,,,,,,,,,,,,,,,,,,,,,,,,,,,,,,,,,,,33486,121727,325730,457181,590586,859892,970407,1063977,1173635,1191078,1320230,1450958,1480754,1552160,1623790,1730496,
Sub-Saharan Africa (excluding high income),SSA,Fixed broadband subscriptions,IT.NET.BBND,,,,,,,,,,,,,,,,,,,,,,,,,,,,,,,,,,,,,,,,,,,,,,220205,,668216,797808,942937,1338656,1644780,2085297,2959275,3601737,3639380,4086781,4152570,4350577,5302178,6638147,
South Sudan,SSD,Fixed broadband subscriptions,IT.NET.BBND,,,,,,,,,,,,,,,,,,,,,,,,,,,,,,,,,,,,,,,,,,,,,,,,,,,2,4,17,100,100,150,150,200,200,200,,
Sub-Saharan Africa,SSF,Fixed broadband subscriptions,IT.NET.BBND,,,,,,,,,,,,,,,,,,,,,,,,,,,,,,,,,,,,,,,,,,,,,,221153,,671709,801225,947491,1345449,1654192,2095874,2971686,3613564,3652800,4100816,4167791,4370266,5329152,6673113,
Small states,SST,Fixed broadband subscriptions,IT.NET.BBND,,,,,,,,,,,,,,,,,,,,,,,,,,,,,,,,,,,,,,,,,,,,,,566412,787067,1062283,1354018,1661251,1856852,2125554,2348349,2532093,2708194,2955390,3113063,3217533,3262997,3566010,4074557,
Sao Tome and Principe,STP,Fixed broadband subscriptions,IT.NET.BBND,,,,,,,,,,,,,,,,,,,,,,,,,,,,,,,,,,,,,,,,,,,,,,,125,308,344,443,585,737,778,978,1100,1314,1425,1479,1557,1642,2512,
Suriname,SUR,Fixed broadband subscriptions,IT.NET.BBND,,,,,,,,,,,,,,,,,,,,,,,,,,,,,,,,,,,,,,,,,,,94,216,420,1107,2656,4205,5756,9069,15143,23160,29268,37095,46400,52691,71217,71217,73176,80410,92270,
Slovak Republic,SVK,Fixed broadband subscriptions,IT.NET.BBND,,,,,,,,,,,,,,,,,,,,,,,,,,,,,,,,,,,,,,,,,,,4083,22461,78764,181538,304615,546664,604688,775056,876953,953098,1045490,1109060,1191216,1273812,1336541,1405622,1507524,1590553,1701561,
Slovenia,SVN,Fixed broadband subscriptions,IT.NET.BBND,,,,,,,,,,,,,,,,,,,,,,,,,,,,,,,,,,,,,,,,,,5500,56735,57992,115069,196650,279814,344677,425294,449030,470527,494372,509336,524621,555815,569026,589324,601820,612745,627939,651604,
Sweden,SWE,Fixed broadband subscriptions,IT.NET.BBND,,,,,,,,,,,,,,,,,,,,,,,,,,,,,,,,,,,,,,,,,249000,587000,840000,1095000,1410000,2522000,2489000,2780298,2902833,2945093,2999537,3027459,3073174,3147615,3281408,3496240,3679768,3854837,3942088,4038725,4179574,
Eswatini,SWZ,Fixed broadband subscriptions,IT.NET.BBND,,,,,,,,,,,,,,,,,,,,,,,,,,,,,,,,,,,,,,,,,,,,,,,,,772,1504,3658,8024,3429,4200,5100,6000,7000,8000,,10000,12000,
Sint Maarten (Dutch part),SXM,Fixed broadband subscriptions,IT.NET.BBND,,,,,,,,,,,,,,,,,,,,,,,,,,,,,,,,,,,,,,,,,,,,,,,,,,,,,,,,,,,,,,
Seychelles,SYC,Fixed broadband subscriptions,IT.NET.BBND,,,,,,,,,,,,,,,,,,,,,,,,,,,,,,,,,,,,,,,,,,,,,349,948,2475,3493,3417,4554,6793,9412,10577,12411,11827,13420,14035,15221,19689,26974,34966,
Syrian Arab Republic,SYR,Fixed broadband subscriptions,IT.NET.BBND,,,,,,,,,,,,,,,,,,,,,,,,,,,,,,,,,,,,,,,,,,,,,600,2700,5218,6957,11055,34657,69817,121300,242154,346146,501194,729261,1009614,1423070,1328688,1490344,1549346,
Turks and Caicos Islands,TCA,Fixed broadband subscriptions,IT.NET.BBND,,,,,,,,,,,,,,,,,,,,,,,,,,,,,,,,,,,,,,,,,,,,,,,,,,,,,,,,,,,,,,
Chad,TCD,Fixed broadband subscriptions,IT.NET.BBND,,,,,,,,,,,,,,,,,,,,,,,,,,,,,,,,,,,,,,,,,,,,,,,,,,297,331,15799,19454,14689,10131,11337,5126,331,334,68,0,
East Asia & Pacific (IDA & IBRD countries),TEA,Fixed broadband subscriptions,IT.NET.BBND,,,,,,,,,,,,,,,,,,,,,,,,,,,,,,,,,,,,,,,,,26660,366942,3378319,11467799,25585996,38842035,53495465,71349600,90439075,115076496,137814988,171435966,192705835,208232739,221606908,301263530,350329750,426570446,445595759,494484952,536164158,
Europe & Central Asia (IDA & IBRD countries),TEC,Fixed broadband subscriptions,IT.NET.BBND,,,,,,,,,,,,,,,,,,,,,,,,,,,,,,,,,,,,,,,,,,,172304,945126,2288046,5012329,11135860,18719023,27124156,34906926,41960223,47900267,54125075,60275684,62990386,68736822,72298815,79376399,83821589,88141629,94385192,
Togo,TGO,Fixed broadband subscriptions,IT.NET.BBND,,,,,,,,,,,,,,,,,,,,,,,,,,,,,,,,,,,,,,,,,,,,,,,,1201,1911,4166,27225,34039,41493,6915,12610,66072,48763,50550,26156,31899,52706,
Thailand,THA,Fixed broadband subscriptions,IT.NET.BBND,,,,,,,,,,,,,,,,,,,,,,,,,,,,,,,,,,,,,,,,,,1613,,11611,164775,555495,893548,1293341,2072799,2624278,3251851,3895000,4519000,5192000,5440000,6229000,7219000,8208000,9189000,10108819,11478265,
Tajikistan,TJK,Fixed broadband subscriptions,IT.NET.BBND,,,,,,,,,,,,,,,,,,,,,,,,,,,,,,,,,,,,,,,,,,,,10,,,,3645,3658,4400,4700,5020,5400,5800,6100,6000,6000,6000,,6000,6000,
Turkmenistan,TKM,Fixed broadband subscriptions,IT.NET.BBND,,,,,,,,,,,,,,,,,,,,,,,,,,,,,,,,,,,,,,,,,,,,,,,,,75,465,723,1100,1400,1800,2300,3000,4000,5000,,8000,10000,
Latin America & the Caribbean (IDA & IBRD countries),TLA,Fixed broadband subscriptions,IT.NET.BBND,,,,,,,,,,,,,,,,,,,,,,,,,,,,,,,,,,,,,,,,,138033,609056,1496909,2381361,6017615,8209450,12759348,19738067,27261901,33075124,38486128,45578457,51001604,55835683,60770355,66141647,70584413,75779144,81034278,86124234,95548442,
Timor-Leste,TLS,Fixed broadband subscriptions,IT.NET.BBND,,,,,,,,,,,,,,,,,,,,,,,,,,,,,,,,,,,,,,,,,,,,9,13,22,29,50,71,471,500,550,600,700,1028,1028,662,656,41,86,75,
Middle East & North Africa (IDA & IBRD countries),TMN,Fixed broadband subscriptions,IT.NET.BBND,,,,,,,,,,,,,,,,,,,,,,,,,,,,,,,,,,,,,,,,,,,,99517,,,1021027,1695712,2606940,3739938,5188037,7110817,9732202,11975076,14781798,15945082,18609338,25983039,28697254,30401465,35754729,
Tonga,TON,Fixed broadband subscriptions,IT.NET.BBND,,,,,,,,,,,,,,,,,,,,,,,,,,,,,,,,,,,,,,,,,,,11,22,334,645,633,780,721,1000,1100,1300,1500,1700,1800,2458,3000,3000,2519,3703,5000,
South Asia (IDA & IBRD),TSA,Fixed broadband subscriptions,IT.NET.BBND,,,,,,,,,,,,,,,,,,,,,,,,,,,,,,,,,,,,,,,,,,50327,83191,144282,256367,1387080,2357243,3303988,5629923,8660474,12508277,15470515,17720391,18859246,21716379,24615627,28905009,29260658,30728787,32060790,38670820,
Sub-Saharan Africa (IDA & IBRD countries),TSS,Fixed broadband subscriptions,IT.NET.BBND,,,,,,,,,,,,,,,,,,,,,,,,,,,,,,,,,,,,,,,,,,,,,,221153,,671709,801225,947491,1345449,1654192,2095874,2971686,3613564,3652800,4100816,4167791,4370266,5329152,6673113,
Trinidad and Tobago,TTO,Fixed broadband subscriptions,IT.NET.BBND,,,,,,,,,,,,,,,,,,,,,,,,,,,,,,,,,,,,,,,,,,,176,884,4233,10803,20613,35491,85447,130057,162850,172318,201410,212498,248108,278522,255579,326776,342200,339340,376771,
Tunisia,TUN,Fixed broadband subscriptions,IT.NET.BBND,,,,,,,,,,,,,,,,,,,,,,,,,,,,,,,,,,,,,,,,,,,26,259,2839,17573,43845,95916,227328,372887,482204,559358,527308,519984,567539,573977,640267,801785,1014011,1190953,1334059,
Turkiye,TUR,Fixed broadband subscriptions,IT.NET.BBND,,,,,,,,,,,,,,,,,,,,,,,,,,,,,,,,,,,,,,,,,,10915,21205,199324,577931,1589768,2773685,4753757,5756965,6450287,7098163,7591367,7868968,8893391,8866361,9504594,10499692,11924905,13407226,14231978,16734853,
Tuvalu,TUV,Fixed broadband subscriptions,IT.NET.BBND,,,,,,,,,,,,,,,,,,,,,,,,,,,,,,,,,,,,,,,,,,,,,50,150,250,270,290,100,240,450,450,450,450,450,450,450,,,,
Tanzania,TZA,Fixed broadband subscriptions,IT.NET.BBND,,,,,,,,,,,,,,,,,,,,,,,,,,,,,,,,,,,,,,,,,,,,,,2589,2998,3394,6422,6947,7554,28268,41325,56425,84600,106000,318474,763466,861234,1039655,1135608,
Uganda,UGA,Fixed broadband subscriptions,IT.NET.BBND,,,,,,,,,,,,,,,,,,,,,,,,,,,,,,,,,,,,,,,,,,,,,,850,1210,1860,4798,6000,14000,35514,38400,41500,55198,80724,92115,,,32370,58594,
Ukraine,UKR,Fixed broadband subscriptions,IT.NET.BBND,,,,,,,,,,,,,,,,,,,,,,,,,,,,,,,,,,,,,,,,,,,,,,130000,520000,800000,1600000,1907697,2955862,3170384,3644976,3996550,3945575,4978813,5125499,5239743,5405125,6784185,7769401,
Upper middle income,UMC,Fixed broadband subscriptions,IT.NET.BBND,,,,,,,,,,,,,,,,,,,,,,,,,,,,,,,,,,,,,,,,,147867,850282,4570652,13779636,31937450,49020407,70142090,97719379,128853882,161804090,195976969,238143667,268356251,292758996,310930090,396187923,448279165,535706886,557534128,608166356,659291861,
Uruguay,URY,Fixed broadband subscriptions,IT.NET.BBND,,,,,,,,,,,,,,,,,,,,,,,,,,,,,,,,,,,,,,,,,,,,,27000,48539,106582,165018,244531,317484,383549,472876,580669,737078,840261,900933,921677,953281,977390,1012410,1063701,
United States,USA,Fixed broadband subscriptions,IT.NET.BBND,,,,,,,,,,,,,,,,,,,,,,,,,,,,,,,,,,,,,,,705900,2754286,7069874,12792812,19881549,27744342,37352520,51156350,60237701,71704000,77130000,79992000,84522000,88317000,92514000,96032000,97810000,102212000,105714000,108200000,110756000,114269000,121176000,
Uzbekistan,UZB,Fixed broadband subscriptions,IT.NET.BBND,,,,,,,,,,,,,,,,,,,,,,,,,,,,,,,,,,,,,,,,,,,,2757,5514,8271,8639,19180,65960,88735,118000,147760,220575,306300,820450,1787786,2746360,3320210,4123508,4597265,4820009,
St. Vincent and the Grenadines,VCT,Fixed broadband subscriptions,IT.NET.BBND,,,,,,,,,,,,,,,,,,,,,,,,,,,,,,,,,,,,,,,,,,81,1086,1146,1320,3647,5618,7972,9364,11507,12502,13249,13616,14604,14716,16960,21865,19273,24613,21715,24733,
"Venezuela, RB",VEN,Fixed broadband subscriptions,IT.NET.BBND,,,,,,,,,,,,,,,,,,,,,,,,,,,,,,,,,,,,,,,,,4473,36636,78151,116997,210209,356198,537628,857812,1115121,1401548,1673076,1815638,2036709,2233431,2400083,2589713,2613991,2607829,2604578,2560994,2561556,
British Virgin Islands,VGB,Fixed broadband subscriptions,IT.NET.BBND,,,,,,,,,,,,,,,,,,,,,,,,,,,,,,,,,,,,,,,,,,,,,,,,,,7690,6879,7301,7435,6182,6393,6660,6218,5003,4715,5929,6738,
Virgin Islands (U.S.),VIR,Fixed broadband subscriptions,IT.NET.BBND,,,,,,,,,,,,,,,,,,,,,,,,,,,,,,,,,,,,,,,,,,,,,1484,2967,,5933,7416,9000,9100,,,9100,9100,9000,,,,,,
Vietnam,VNM,Fixed broadband subscriptions,IT.NET.BBND,,,,,,,,,,,,,,,,,,,,,,,,,,,,,,,,,,,,,,,,,,,1076,9180,52709,210024,516569,1294111,2048953,3214179,3669321,3838206,4775368,5152576,6000527,7657619,9098288,11269936,12994451,14802380,16699249,
Vanuatu,VUT,Fixed broadband subscriptions,IT.NET.BBND,,,,,,,,,,,,,,,,,,,,,,,,,,,,,,,,,,,,,,,,,,,,15,23,59,95,130,200,500,500,337,310,310,4569,4297,4386,,,7888,2785,
World,WLD,Fixed broadband subscriptions,IT.NET.BBND,,,,,,,,,,,,,,,,,,,,,,,,,,,,,,,,,,,,,,,,,,37087722,66043023,103670752.3,158047751,219835680,284312184,352980890,414931448,474302685,531768684,597998487,648909075,689543829,725483711,840118980,916774128,1025557471,1068308511,1141777264,1229181671,
Samoa,WSM,Fixed broadband subscriptions,IT.NET.BBND,,,,,,,,,,,,,,,,,,,,,,,,,,,,,,,,,,,,,,,,,,,,,32,65,98,130,160,200,200,,1084,1238,2021,2084,2169,1692,1692,1692,1692,
Kosovo,XKX,Fixed broadband subscriptions,IT.NET.BBND,,,,,,,,,,,,,,,,,,,,,,,,,,,,,,,,,,,,,,,,,,,,,,,,,,,,,,,,,,,,,,
"Yemen, Rep.",YEM,Fixed broadband subscriptions,IT.NET.BBND,,,,,,,,,,,,,,,,,,,,,,,,,,,,,,,,,,,,,,,,,,,,,,1498,2781,11000,26000,54000,84000,109000,167300,256800,340000,395000,276219,369004,386330,382000,391000,
South Africa,ZAF,Fixed broadband subscriptions,IT.NET.BBND,,,,,,,,,,,,,,,,,,,,,,,,,,,,,,,,,,,,,,,,,,,2669,20313,60000,165290,335112,378000,426000,481000,743000,907000,1107200,1615210,1706313,1409347,1150770,1123189,1107013,1250356,1303057,
Zambia,ZMB,Fixed broadband subscriptions,IT.NET.BBND,,,,,,,,,,,,,,,,,,,,,,,,,,,,,,,,,,,,,,,,,21,31,48,91,250,250,2339,4000,5703,10702,10267,16415,14999,13447,20521,23390,31784,35912,72228,88891,82317,
Zimbabwe,ZWE,Fixed broadband subscriptions,IT.NET.BBND,,,,,,,,,,,,,,,,,,,,,,,,,,,,,,,,,,,,,,,,,,771,2847,6386,8967,10185,10200,15210,18000,47130,33000,34000,71905,103916,152234,163987,170838,187310,203056,204424,203461,
